172699893186 ,https://item.mercari.com/jp/m214312487/
172699893266 ,https://item.mercari.com/jp/m42621866366/
172699893306 ,https://item.mercari.com/jp/m776922880/
172699893351 ,https://item.mercari.com/jp/m86693029898/
172699893439 ,https://item.mercari.com/jp/m34895498490/
172699893442 ,https://item.mercari.com/jp/m13532319739/
172699893491 ,https://item.mercari.com/jp/m52816005358/
172699893646 ,https://item.mercari.com/jp/m88655467420/
172699893659 ,https://item.mercari.com/jp/m518825732/
172699893895 ,https://item.mercari.com/jp/m62922848895/
172701115462 ,https://item.mercari.com/jp/m45917242234/
172701115484 ,https://item.mercari.com/jp/m31525262654/
172701115495 ,https://item.mercari.com/jp/m889092474/
172701115640 ,https://item.mercari.com/jp/m136450859/
172650844958 ,https://item.mercari.com/jp/m27209573723/
172650845264 ,https://item.mercari.com/jp/m62562629259/
172650845296 ,https://item.mercari.com/jp/m27162167047/
172650845512 ,https://item.mercari.com/jp/m86418064144/
172650845683 ,https://item.mercari.com/jp/m19381295549/
